<annotation>
    <filename>20230226-002704.jpg</filename>
    <folder>electronics2</folder>
    <source>
        <database>electronics2</database>
        <annotation>custom</annotation>
        <image>custom</image>
    </source>
    <size>
        <width>1280</width>
        <height>720</height>
        <depth>3</depth>
    </size>
    <segmented>0</segmented>
    <object>
        <name>led</name>
        <pose>unspecified</pose>
        <truncated>0</truncated>
        <difficult>0</difficult>
        <bndbox>
            <xmin>648</xmin>
            <ymin>62</ymin>
            <xmax>899</xmax>
            <ymax>236</ymax>
        </bndbox>
    </object>
</annotation>
